weight,size,moisture,sugar_level,firmness,color_score,quality
212.07,8.51,92.49,13.84,8.24,9.16,2
226.8,7.83,90.81,10.84,5.36,9.17,2
115.22,6.51,66.43,7.33,5.73,4.47,0
144.31,5.69,66.89,5.97,4.7,6.27,0
133.92,6.05,68.45,4.01,3.38,6.43,0
166.02,7.4,73.96,9.66,5.46,8.73,1
170.07,9.01,93.98,13.07,6.92,9.17,2
171.15,7.22,76.39,7.62,7.64,6.63,1
193.09,6.9,90.47,14.02,7.69,8.08,2
129.58,5.2,68.94,7.38,4.31,4.74,0
148.43,7.7,74.83,9.85,7.51,10.12,1
210.62,7.37,86.17,11.39,8.56,9.63,2
170.74,6.74,72.48,11.23,6.68,6.96,1
198.49,7.72,90.75,12.54,8.04,9.36,2
121.09,6.0,62.14,4.93,3.87,6.36,0
187.43,7.3,89.09,14.01,7.62,9.03,2
210.41,8.18,86.43,10.68,8.89,8.32,2
169.05,6.54,78.75,11.16,8.88,7.96,1
144.48,5.56,63.75,7.13,4.51,5.98,0
158.48,4.97,72.16,8.69,3.41,5.09,0
221.14,7.61,85.38,15.4,8.1,9.18,2
207.12,7.68,88.23,13.31,8.33,9.69,2
208.13,7.21,94.37,12.62,7.35,9.38,2
208.72,7.63,81.02,12.46,8.35,8.93,2
227.78,8.03,91.67,13.03,7.97,8.35,2
133.91,6.36,67.43,5.88,5.49,5.28,0
203.39,7.6,95.88,14.91,7.89,9.34,2
206.91,7.73,97.4,14.92,7.76,9.06,2
214.62,7.69,90.67,11.18,8.21,9.18,2
204.61,7.42,89.53,12.01,9.56,7.99,2
210.62,7.62,91.79,14.51,8.01,8.52,2
165.75,6.2,86.92,10.02,6.28,6.56,1
221.0,7.42,84.27,14.51,8.3,7.84,2
207.11,7.52,89.71,16.08,9.81,7.85,2
140.26,5.71,55.81,3.82,3.89,5.96,0
176.47,5.06,73.3,8.72,3.53,6.51,0
145.72,5.51,66.34,7.11,3.0,4.72,0
119.15,6.7,63.32,9.48,4.26,5.5,0
222.28,8.27,90.42,12.88,8.44,9.05,2
149.93,5.7,65.68,3.99,5.14,4.26,0
227.47,7.17,90.55,16.98,9.35,9.85,2
158.11,4.59,55.07,6.26,5.6,3.93,0
217.29,7.38,81.56,14.63,7.63,8.8,2
146.78,6.05,72.99,8.62,5.55,7.71,1
208.49,8.93,87.19,13.23,7.35,9.57,2
138.22,6.41,70.02,5.72,6.99,5.76,0
160.72,5.06,64.07,7.49,5.75,5.05,0
170.85,5.38,64.25,6.78,5.34,5.71,0
183.05,6.48,86.27,10.93,6.74,7.69,1
175.21,6.31,81.7,12.52,6.84,8.83,1
204.14,7.01,71.92,12.05,5.89,8.03,1
198.77,6.36,81.14,9.58,6.34,7.15,1
222.17,7.78,88.94,15.25,9.0,8.9,2
219.17,7.71,93.57,13.18,8.53,9.01,2
159.66,7.04,81.16,9.29,5.73,8.59,1
177.73,6.95,74.09,11.06,8.58,6.49,1
113.51,6.26,72.0,5.99,5.89,5.25,0
95.95,5.2,62.21,4.97,2.92,5.91,0
82.27,6.83,72.44,6.44,4.52,4.33,0
170.02,6.46,71.73,9.17,5.1,8.97,1
182.77,7.17,90.86,6.63,7.11,6.85,1
199.32,7.45,86.32,10.46,7.09,8.43,1
150.22,6.06,64.69,8.13,3.11,6.55,0
134.01,5.94,69.61,7.97,5.06,5.59,0
165.09,7.05,73.93,12.25,7.85,6.93,1
127.49,5.97,68.74,5.65,4.01,6.57,0
111.73,5.53,63.96,6.88,4.93,5.92,0
182.45,7.74,84.37,14.41,7.21,9.21,2
213.9,7.95,89.61,10.76,8.26,8.11,2
145.75,5.33,69.32,4.95,5.35,4.27,0
170.51,5.11,69.53,9.23,6.77,5.1,0
179.34,6.47,79.85,10.19,7.44,7.92,1
171.67,7.41,71.8,10.91,7.6,7.87,1
157.99,5.97,60.96,5.39,6.18,4.55,0
169.87,6.75,93.49,9.61,7.01,6.78,1
182.54,7.5,91.28,12.8,7.86,9.61,2
176.49,6.82,66.08,11.12,6.63,7.64,1
173.51,6.92,82.76,10.79,6.31,7.14,1
121.27,6.32,64.02,8.35,6.2,5.1,0
165.5,7.48,61.89,10.59,6.53,5.96,1
191.53,8.1,93.87,13.45,10.58,7.97,2
134.65,5.65,71.0,4.58,3.45,4.43,0
141.02,5.72,57.46,5.71,4.09,7.39,0
167.22,7.44,72.15,8.92,9.28,6.47,1
168.15,6.17,77.16,10.9,5.29,7.95,1
155.27,5.77,58.13,8.89,3.59,4.85,0
189.3,7.29,75.48,9.77,5.73,6.4,1
176.85,6.65,81.17,9.42,4.57,7.18,1
196.98,6.87,77.52,9.5,6.19,6.06,1
194.1,6.58,86.77,9.45,5.66,7.85,1
178.17,9.3,94.98,14.58,7.9,8.93,2
145.98,5.88,64.07,7.34,5.21,3.45,0
116.1,6.18,73.85,8.04,4.78,4.51,0
193.57,8.15,91.38,14.41,9.71,8.67,2
234.34,8.85,87.84,16.74,8.57,8.77,2
139.08,5.52,64.23,8.04,5.67,5.23,0
164.33,5.61,65.79,4.16,4.05,4.46,0
142.53,6.5,70.25,4.75,5.55,4.5,0
217.39,8.41,87.42,14.11,8.51,8.41,2
128.76,4.99,65.69,6.5,5.46,5.96,0
167.42,7.11,82.74,9.54,5.26,8.32,1
158.41,6.52,79.22,9.29,7.11,6.52,1
186.17,7.58,91.51,14.03,8.95,9.23,2
182.95,8.3,84.47,13.64,9.43,9.56,2
116.28,6.77,57.89,6.1,4.87,6.08,0
130.95,5.47,67.84,7.66,3.41,6.91,0
146.48,6.05,57.99,6.19,3.71,4.88,0
178.59,7.27,86.7,13.82,9.31,8.73,2
116.99,5.46,69.57,7.27,4.85,5.99,0
132.69,7.64,73.68,9.81,5.59,7.86,1
100.14,5.42,62.61,7.15,4.98,7.0,0
213.16,7.29,95.39,14.99,8.4,9.44,2
139.62,6.51,69.83,9.36,7.0,6.59,1
140.83,5.23,67.43,2.51,4.31,3.87,0
128.09,5.93,76.98,11.66,5.11,5.32,0
124.06,5.73,71.79,7.31,4.81,4.4,0
159.71,6.56,80.65,9.0,6.54,7.05,1
117.08,6.13,71.29,6.65,4.54,4.05,0
131.6,6.26,66.36,9.27,3.05,5.49,0
174.28,7.67,89.76,12.72,7.66,9.51,2
173.28,7.67,66.77,10.29,8.42,7.02,1
222.39,8.07,85.18,12.23,9.03,8.57,2
172.15,7.46,84.57,12.68,8.95,8.94,2
133.12,6.0,63.31,7.27,4.96,5.69,0
165.12,6.47,60.5,8.24,5.31,4.35,0
189.07,7.62,91.81,13.05,8.87,8.92,2
204.87,7.3,86.14,11.85,8.14,8.76,2
180.44,6.53,87.34,10.05,5.7,6.38,1
189.15,6.89,85.94,14.85,9.5,9.71,2
147.26,5.22,70.77,7.3,4.97,4.85,0
179.39,7.43,87.22,14.5,8.65,9.96,2
167.41,6.42,68.05,6.26,5.31,4.53,0
209.49,8.48,90.65,12.27,7.67,9.49,2
232.45,7.87,94.17,15.5,9.12,9.04,2
185.17,7.62,76.89,10.1,6.69,9.21,1
156.37,7.09,69.9,7.49,4.69,5.15,0
143.94,6.84,72.9,8.72,3.11,6.26,0
137.89,6.91,65.2,5.91,4.87,5.81,0
147.54,6.22,82.28,10.4,7.81,7.29,1
139.0,6.44,62.24,5.98,3.73,6.33,0
241.4,8.13,88.82,14.11,9.63,8.48,2
120.96,6.47,61.02,8.34,5.39,7.33,0
201.54,8.55,86.91,10.7,8.45,8.95,2
139.75,6.44,70.66,7.43,2.85,4.54,0
174.63,6.94,72.11,9.67,7.11,6.06,1
225.53,7.38,86.87,12.54,9.73,8.15,2
161.19,6.5,75.76,8.18,4.29,7.12,1
216.53,6.94,86.57,11.66,9.44,8.65,2
129.11,5.69,69.48,6.2,5.01,7.44,0
164.75,6.62,91.19,10.45,6.11,5.54,1
238.04,8.3,82.62,11.89,7.66,9.41,2
203.82,8.37,92.63,13.24,7.91,9.57,2
185.3,7.0,82.66,10.59,6.19,6.66,1
222.5,9.09,90.0,10.51,8.21,9.07,2
176.46,6.78,89.94,11.78,7.22,7.39,1
208.62,8.46,85.21,16.3,7.96,9.05,2
169.4,8.02,88.7,12.57,7.2,9.38,2
151.15,6.44,70.26,5.29,4.3,5.49,0
125.56,6.48,69.12,7.06,3.06,4.18,0
96.27,5.44,65.94,5.52,4.37,5.58,0
116.65,5.9,74.31,7.67,5.46,5.26,0
99.39,5.82,76.49,5.58,3.67,6.26,0
233.38,8.13,85.14,15.27,8.26,8.26,2
238.6,8.05,86.05,13.48,8.55,8.56,2
163.45,5.29,62.95,5.11,4.27,5.97,0
167.48,5.7,70.6,5.06,3.54,5.97,0
190.42,7.46,85.18,13.11,7.31,9.05,2
237.48,8.75,99.46,12.15,10.76,8.79,2
190.33,6.35,75.74,8.47,5.68,6.27,1
117.58,5.64,63.93,5.94,5.48,4.13,0
127.59,6.38,57.65,6.42,4.69,5.95,0
200.92,7.04,91.71,12.92,8.65,8.38,2
165.32,7.13,72.65,12.58,5.6,7.48,1
165.66,7.23,78.15,10.77,5.52,6.18,1
115.35,5.61,70.48,8.27,4.21,5.43,0
136.3,5.69,62.24,7.12,4.76,4.26,0
206.87,8.47,85.18,11.48,8.52,8.76,2
171.83,6.84,77.35,11.69,5.62,6.66,1
126.09,5.55,72.75,7.44,5.77,5.79,0
228.49,8.2,87.52,15.77,8.33,8.98,2
151.21,6.03,72.92,5.23,6.17,7.02,0
188.12,6.98,79.71,9.59,5.28,6.4,1
130.39,5.68,66.69,7.72,5.37,4.85,0
86.34,6.14,63.73,4.25,5.01,6.87,0
176.55,7.55,79.49,13.55,8.72,9.95,2
150.78,6.66,80.53,10.79,4.6,7.2,1
185.98,6.78,81.97,12.02,7.56,7.68,1
163.96,6.21,72.45,6.31,4.35,4.07,0
215.89,7.38,94.61,16.62,8.47,8.7,2
219.03,7.79,89.26,13.82,9.4,9.41,2
156.42,6.58,84.44,10.02,5.26,8.3,1
178.37,6.78,74.36,9.72,6.68,6.65,1
202.73,8.21,78.44,11.97,9.28,8.85,2
213.74,7.13,95.39,15.29,8.34,8.76,2
143.61,6.88,79.41,12.23,5.23,8.22,1
152.56,6.26,60.77,7.08,3.79,4.24,0
190.71,7.17,76.45,10.61,6.46,6.62,1
147.71,5.68,61.87,8.85,3.54,7.13,0
179.76,6.78,81.73,10.14,6.34,6.6,1
169.62,5.41,58.55,6.29,2.52,6.25,0
206.1,6.57,71.57,9.24,6.71,7.35,1
158.48,7.67,74.82,9.94,7.06,6.83,1
128.01,5.65,70.17,5.95,6.18,3.59,0
170.07,6.31,63.73,7.04,4.45,3.92,0
189.77,7.85,81.25,14.75,9.2,9.2,2
173.53,7.3,81.74,10.45,6.95,7.22,1
120.27,6.57,69.5,4.9,4.87,3.4,0
171.15,7.29,80.09,10.33,5.23,7.0,1
156.47,5.17,70.66,7.89,4.36,5.84,0
167.56,6.82,85.31,9.56,7.57,8.44,1
139.57,6.03,72.43,7.15,4.81,5.11,0
202.15,8.32,83.73,14.02,8.19,8.54,2
148.4,6.93,87.46,8.67,5.73,6.6,1
233.25,7.95,89.17,13.82,8.89,9.03,2
132.49,6.17,57.45,8.98,4.57,5.09,0
135.61,5.86,66.1,7.59,5.19,6.23,0
220.2,7.48,79.37,12.94,9.28,8.77,2
124.07,5.6,63.57,4.85,4.65,6.09,0
220.28,8.5,89.88,13.66,7.71,9.31,2
139.34,5.22,68.93,6.69,6.26,7.07,0
192.22,7.73,87.2,13.78,8.77,9.34,2
202.65,7.1,74.44,10.18,6.74,6.55,1
214.21,6.9,77.26,11.45,6.75,7.62,1
182.01,5.69,72.01,11.33,6.79,7.18,1
119.91,5.36,69.67,8.84,3.86,5.96,0
124.23,5.32,66.66,7.55,6.59,3.99,0
152.11,6.66,66.48,6.75,4.57,6.66,0
133.41,5.61,65.71,9.4,5.06,5.2,0
218.72,7.93,89.52,15.51,8.71,8.61,2
216.83,7.64,88.23,11.66,8.24,9.83,2
227.56,7.8,82.34,14.97,8.28,8.17,2
151.04,5.8,70.09,9.46,4.88,5.81,0
172.26,7.33,73.53,9.42,6.32,4.98,1
199.23,7.37,90.45,13.45,9.16,8.46,2
217.13,7.88,84.61,14.41,7.9,8.94,2
158.7,8.07,96.22,13.72,7.37,8.61,2
194.46,8.82,96.02,13.35,8.26,8.58,2
224.71,7.34,89.23,13.42,9.0,8.87,2
219.61,8.55,86.44,15.72,7.97,9.8,2
186.02,8.12,91.2,13.51,8.05,9.6,2
161.03,6.84,74.79,10.99,7.53,7.78,1
198.65,8.62,84.88,14.6,8.05,8.72,2
200.76,6.67,73.6,10.4,6.28,6.36,1
135.38,5.92,60.7,6.08,4.12,5.18,0
194.87,6.67,76.82,9.39,5.97,7.54,1
178.79,6.56,85.96,10.03,5.31,7.26,1
208.77,7.1,87.7,15.75,8.01,8.86,2
236.19,6.98,95.74,13.7,8.42,8.88,2
203.89,8.28,90.59,12.47,7.44,8.83,2
179.61,7.4,74.14,9.25,5.99,6.66,1
206.9,8.52,88.66,13.52,9.81,8.14,2
152.56,6.06,71.89,7.78,3.4,5.17,0
225.43,8.56,76.79,14.15,7.36,9.3,2
163.18,6.67,70.45,9.67,6.31,7.73,1
220.39,7.71,88.62,12.9,8.59,9.09,2
216.2,5.92,81.91,8.63,6.48,7.1,1
143.36,5.52,68.58,5.67,4.68,6.8,0
174.69,7.05,78.42,8.93,4.68,6.74,1
161.33,7.13,83.3,9.17,7.54,7.91,1
202.17,7.64,82.68,12.39,8.92,9.0,2
204.81,7.88,88.63,13.79,8.48,9.31,2
151.4,5.85,73.32,5.73,5.04,5.7,0
146.52,6.83,80.4,11.09,5.81,6.77,1
227.97,7.16,89.85,12.09,6.74,7.54,1
200.41,7.39,91.82,11.7,7.78,8.34,2
221.49,8.65,89.33,14.47,8.24,8.18,2
161.2,6.83,83.14,10.75,6.75,7.36,1
133.55,5.38,71.58,6.18,4.38,4.86,0
206.9,8.16,93.11,14.36,8.58,9.9,2
148.63,6.47,73.01,7.37,6.59,8.74,1
136.32,5.72,72.96,6.87,3.38,5.11,0
106.72,5.24,61.03,7.21,6.23,7.73,0
129.96,5.32,69.53,5.91,6.67,6.69,0
240.34,7.48,86.09,14.27,9.8,8.69,2
194.61,7.98,70.81,9.66,4.12,7.45,1
220.9,7.83,90.28,12.28,8.96,9.6,2
228.32,7.15,87.29,14.63,8.01,8.5,2
211.53,8.14,89.25,13.6,8.29,9.05,2
140.8,5.79,62.93,8.23,4.73,5.52,0
205.57,8.02,90.35,13.51,8.93,8.51,2
196.48,8.56,88.52,14.83,10.14,8.58,2
187.34,7.3,85.11,14.05,7.86,10.05,2
214.28,7.19,84.25,12.68,8.27,9.63,2
183.23,7.85,77.31,10.89,6.39,8.85,1
151.78,5.68,72.68,5.34,3.68,4.89,0
194.66,6.53,71.32,11.09,7.79,9.37,1
170.77,5.53,65.32,7.51,6.05,6.35,0
229.12,7.64,88.06,14.87,9.79,9.44,2
120.2,6.36,67.0,6.99,4.17,5.66,0
219.47,7.92,83.23,12.91,8.2,7.93,2
164.67,7.07,83.17,9.39,7.41,7.4,1
192.22,8.17,90.14,15.31,7.08,9.64,2
123.31,6.46,74.1,6.1,2.63,6.51,0
198.89,8.4,92.83,13.9,7.78,8.75,2
161.39,6.98,76.92,8.59,7.83,8.04,1
158.63,7.18,74.92,7.98,5.89,7.27,1
150.63,7.17,67.61,9.65,8.65,6.06,1
200.71,8.01,90.63,13.85,9.3,9.35,2
194.44,8.59,85.0,10.26,8.87,8.34,2
182.89,6.11,83.33,9.61,7.77,7.69,1
125.56,6.05,73.48,5.34,4.13,5.35,0
188.16,6.47,67.55,9.74,6.23,6.98,1
189.69,8.44,81.76,16.68,8.17,9.09,2
210.11,6.88,79.82,12.63,9.34,9.47,2
135.81,5.83,64.49,4.94,4.82,5.44,0
123.8,6.09,69.48,8.6,3.3,3.18,0
229.92,7.68,82.65,14.42,8.96,9.04,2
202.73,7.8,88.47,10.99,10.67,9.31,2
180.31,6.68,75.95,12.73,7.68,7.41,1
125.43,5.02,68.73,10.77,2.66,5.47,0
154.27,6.44,66.45,6.42,4.44,5.84,0
216.15,7.15,77.92,13.72,8.33,8.41,2
131.39,5.92,72.73,5.83,6.06,3.97,0
165.68,6.91,80.38,7.38,5.96,7.1,1
226.58,7.56,86.27,16.78,8.3,9.44,2
169.23,5.91,73.3,10.71,8.22,7.22,1
183.11,6.67,80.78,7.14,6.07,8.68,1
164.42,6.92,72.33,10.52,5.6,8.15,1
99.59,5.24,66.07,7.46,4.44,6.72,0
217.54,7.79,86.67,14.83,9.2,8.43,2
177.57,5.94,76.65,9.96,8.45,7.85,1
216.93,8.2,92.48,15.85,8.45,9.72,2
194.58,7.15,79.37,8.5,6.5,6.87,1
173.93,5.95,73.95,10.28,5.71,7.46,1
158.75,7.2,78.58,8.07,7.38,6.15,1
211.86,7.66,78.58,15.86,9.37,9.27,2
123.88,5.64,70.08,8.81,4.36,5.05,0
220.78,7.89,84.13,11.43,9.12,9.9,2
133.01,5.35,71.21,6.45,1.59,5.13,0
119.49,5.82,56.24,8.31,2.94,7.0,0
200.43,9.12,86.28,16.02,7.49,8.41,2
137.02,7.47,74.57,11.75,7.57,6.27,1
230.35,7.82,94.16,12.71,8.15,9.49,2
169.12,6.21,79.01,7.66,6.54,6.16,1
187.1,6.99,73.03,10.37,5.32,7.1,1
194.38,7.69,81.87,11.81,9.28,9.52,2
85.54,5.55,64.37,9.08,4.11,5.88,0
135.26,5.32,64.96,8.03,4.61,6.08,0
165.04,6.67,74.23,10.57,7.62,5.91,1
187.77,6.81,77.31,9.36,6.19,8.14,1
123.56,5.21,63.88,6.72,3.9,3.29,0
193.53,7.2,78.08,8.54,7.15,7.32,1
189.45,7.83,81.5,13.62,8.17,9.9,2
209.78,7.31,82.01,14.59,9.05,9.95,2
211.94,8.3,90.57,16.62,10.27,9.05,2
166.76,7.04,72.68,11.53,5.44,6.46,1
139.17,6.12,65.92,5.69,5.38,6.22,0
189.76,6.7,79.49,12.5,4.38,7.63,1
113.09,5.88,62.54,7.77,4.53,3.53,0
181.75,7.48,88.83,13.14,9.68,8.11,2
118.31,5.92,71.88,7.75,4.69,6.5,0
173.63,5.96,78.95,9.95,6.65,6.88,1
142.09,4.84,65.61,8.27,4.45,4.09,0
213.92,7.39,90.81,13.38,8.28,8.78,2
223.79,6.77,73.61,7.89,6.28,7.2,1
142.53,6.97,79.82,8.98,5.22,8.48,1
197.55,6.41,79.36,10.63,7.69,6.65,1
187.36,7.17,73.62,10.99,6.11,5.64,1
153.4,7.15,75.95,11.18,5.03,6.29,1
143.45,5.03,70.78,7.92,3.48,5.26,0
152.5,6.67,78.17,10.4,5.39,8.26,1
199.74,6.98,83.94,8.55,6.09,6.72,1
232.15,8.06,89.78,10.92,7.92,9.25,2
178.17,7.65,89.85,13.0,8.28,8.27,2
198.66,7.43,82.21,12.8,9.37,8.98,2
178.51,7.07,75.11,9.88,6.44,7.96,1
126.43,6.24,68.31,7.29,5.35,5.36,0
176.93,6.64,81.13,9.88,6.71,6.0,1
157.78,5.37,71.85,7.64,3.85,7.28,0
194.95,7.25,99.07,13.12,6.96,9.9,2
135.46,4.84,66.93,5.97,4.01,6.94,0
227.79,7.61,90.41,15.6,7.53,8.66,2
234.34,6.62,96.21,10.94,8.0,8.98,2
173.02,6.71,74.14,12.5,6.12,7.86,1
183.22,7.24,89.56,11.74,9.39,8.96,2
180.94,6.39,76.17,10.76,7.02,8.37,1
210.4,7.31,90.51,13.43,7.71,10.34,2
239.1,7.47,86.73,12.69,8.43,8.65,2
198.1,7.7,87.69,14.32,9.71,9.67,2
138.55,5.96,75.5,8.61,4.69,6.44,0
209.67,7.95,89.94,13.05,10.52,8.86,2
209.47,8.0,88.13,15.52,9.12,9.0,2
212.6,6.88,84.67,12.48,7.86,9.12,2
194.02,7.28,81.6,12.73,6.42,7.82,1
147.88,6.3,72.09,11.49,5.8,7.4,1
126.76,5.72,65.15,4.98,3.79,6.02,0
195.78,8.15,86.87,15.29,9.32,9.13,2
208.21,7.66,80.18,13.03,9.2,9.32,2
142.59,5.93,65.3,7.56,4.38,5.96,0
186.37,8.0,84.79,12.74,7.86,8.56,2
188.52,7.13,82.86,9.98,5.9,6.05,1
158.79,7.51,73.42,10.19,6.0,8.24,1
237.67,8.51,78.05,12.81,9.83,8.71,2
149.94,7.65,77.42,9.48,7.39,6.4,1
217.71,8.0,88.08,14.84,7.96,9.2,2
169.07,7.64,76.63,6.7,4.5,7.33,1
107.65,4.38,64.74,7.83,5.7,5.04,0
251.5,7.29,91.29,11.53,8.63,9.59,2
223.75,8.0,86.29,13.31,8.38,9.3,2
174.7,7.14,80.95,9.67,6.56,7.0,1
170.94,6.95,75.21,9.53,6.16,6.8,1
122.78,5.64,63.09,6.61,6.1,6.3,0
216.46,7.28,95.39,11.54,8.72,9.94,2
220.17,8.14,84.48,12.27,8.32,9.17,2
147.28,5.86,65.89,10.07,3.83,5.1,0
218.94,7.02,78.46,10.71,9.03,6.51,1
144.68,6.01,65.6,5.08,5.02,4.67,0
97.64,5.76,66.25,6.51,3.46,4.33,0
112.78,5.5,66.87,7.42,3.69,5.92,0
217.34,8.09,79.76,14.7,9.2,8.81,2
190.4,8.08,90.25,13.29,9.12,8.3,2
143.4,6.47,69.61,6.85,6.77,6.39,0
169.44,5.75,78.69,7.17,6.55,7.99,1
150.88,5.57,64.65,7.4,4.06,5.43,0
163.17,6.45,74.73,9.42,5.86,7.47,1
168.82,5.76,82.87,10.45,5.73,8.82,1
158.07,6.08,61.44,7.37,5.0,6.64,0
198.46,7.67,84.39,17.55,8.69,8.49,2
168.81,6.61,73.1,7.06,5.83,7.45,1
172.7,7.7,85.75,12.45,8.81,9.67,2
116.31,4.98,60.81,7.16,5.83,5.81,0
180.9,7.28,73.95,10.55,5.76,7.99,1
160.19,5.13,60.17,6.78,5.0,7.3,0
156.17,7.04,79.45,11.44,5.71,7.33,1
171.33,8.36,77.94,8.32,6.44,7.26,1
190.24,7.62,93.74,10.76,6.85,9.05,2
164.48,8.03,87.92,10.02,6.89,8.39,1
127.8,5.93,66.78,7.27,3.83,6.67,0
118.51,6.48,72.85,7.2,4.58,6.05,0
187.01,7.26,88.93,16.68,7.83,8.84,2
197.4,7.92,71.4,11.16,6.5,6.06,1
146.99,6.01,71.19,6.07,3.94,4.4,0
144.05,4.55,62.17,9.44,3.92,4.33,0
113.73,6.02,77.43,5.48,4.14,5.92,0
135.79,6.54,75.19,10.72,3.88,9.34,1
197.54,6.88,81.22,10.12,4.75,6.61,1
203.94,7.48,84.73,12.17,6.79,7.33,1
157.96,5.72,69.67,8.26,5.72,6.56,0
140.05,6.68,68.86,7.58,4.45,6.72,0
198.6,7.23,79.53,9.65,5.31,8.85,1
208.98,7.35,85.74,12.61,9.02,9.15,2
139.59,6.79,79.47,10.37,6.17,7.4,1
166.3,5.64,76.16,8.22,4.98,5.87,0
199.79,8.7,96.09,16.25,8.35,7.93,2
138.73,5.83,63.39,7.27,3.95,5.23,0
211.42,7.66,88.73,12.01,8.58,9.09,2
125.07,6.71,86.63,10.18,7.25,7.38,1
156.35,6.7,77.82,10.99,7.59,6.7,1
189.82,8.49,96.15,13.72,8.91,9.12,2
216.38,8.25,86.45,14.57,7.95,8.15,2
136.93,5.99,68.62,8.93,5.79,6.04,0
193.13,7.06,78.13,9.54,6.42,4.76,1
126.62,5.72,66.63,6.32,4.7,4.74,0
152.6,7.02,74.46,9.19,5.78,6.4,1
181.58,6.78,74.73,6.93,6.87,8.46,1
228.54,7.61,86.38,15.2,9.78,9.39,2
222.23,7.44,79.54,12.86,8.55,8.83,2
233.14,7.77,88.57,14.21,9.44,8.01,2
127.33,6.37,67.57,4.84,5.42,4.83,0
166.49,6.49,60.54,8.03,4.0,5.76,0
148.38,7.64,74.31,8.75,4.23,7.02,1
145.86,5.95,70.19,8.59,4.87,5.65,0
129.88,6.6,70.39,6.79,3.98,5.16,0
149.84,7.4,78.9,11.26,6.4,6.63,1
154.81,6.33,69.66,7.54,6.26,5.5,0
205.68,6.25,82.88,12.1,5.87,7.08,1
172.76,6.69,81.73,10.49,8.78,6.62,1
199.58,7.35,86.21,13.85,8.98,9.51,2
230.38,7.48,71.78,10.35,5.89,6.49,1
215.96,8.17,90.44,13.0,8.76,9.29,2
107.68,5.62,71.45,7.86,5.0,5.55,0
204.27,8.1,84.38,13.71,8.75,8.11,2
159.78,5.96,70.44,9.2,3.39,5.46,0
149.68,5.78,66.08,6.46,5.68,4.87,0
168.88,6.92,81.93,9.16,3.67,8.39,1
141.31,5.38,67.51,6.28,2.72,3.27,0
183.05,6.55,75.76,10.36,5.21,7.19,1
114.9,6.42,66.22,6.18,4.66,6.0,0
174.85,6.88,76.61,11.94,6.92,8.35,1
184.42,6.19,67.91,5.75,7.31,7.4,1
182.14,7.9,88.77,16.01,7.25,8.64,2
152.75,5.44,59.29,6.76,4.02,4.53,0
202.7,7.59,76.59,11.85,5.55,6.57,1
196.05,7.53,95.58,13.27,8.66,8.96,2
185.38,6.05,78.92,10.68,8.21,6.68,1
166.14,7.46,73.14,10.61,6.33,7.81,1
188.08,6.42,60.24,5.02,4.98,6.05,0
203.96,7.22,83.74,10.97,8.41,9.96,2
244.62,7.32,92.31,13.37,8.4,8.08,2
161.78,6.73,85.99,11.1,6.51,7.11,1
153.53,6.24,61.28,8.23,4.44,5.57,0
180.66,6.62,81.65,8.6,6.54,7.85,1
214.05,8.1,93.64,13.04,8.04,9.52,2
213.93,8.28,85.13,14.69,9.02,9.17,2
202.89,7.95,93.7,15.62,8.48,9.08,2
182.2,6.9,72.85,10.07,5.43,7.36,1
197.03,6.7,76.17,7.49,8.54,7.68,1
121.64,5.56,73.15,9.53,5.06,4.62,0
197.67,8.2,91.06,15.11,8.9,7.83,2
193.95,7.83,85.4,13.01,10.1,8.82,2
177.28,5.44,64.92,6.91,4.9,5.76,0
191.44,7.54,95.08,14.86,9.01,9.21,2
168.12,5.81,75.15,8.23,6.53,6.35,1
128.63,5.51,67.51,9.32,3.26,4.03,0
168.97,6.13,81.72,9.69,6.53,8.59,1
208.74,7.66,89.74,12.39,8.22,9.07,2
112.38,6.21,65.61,6.58,5.29,5.84,0
107.32,5.73,64.77,7.17,4.14,3.49,0
125.68,5.76,77.85,4.86,2.65,6.28,0
204.56,8.07,84.26,11.89,7.6,10.23,2
159.65,5.26,73.28,8.42,3.6,4.37,0
170.94,7.49,81.19,12.42,5.11,7.27,1
242.17,7.58,93.98,15.42,7.7,9.62,2
212.13,8.0,88.55,15.28,8.78,8.96,2
225.06,7.27,85.0,14.69,7.32,9.63,2
101.85,6.25,64.05,8.05,4.53,3.96,0
160.26,6.15,64.78,6.28,4.8,5.96,0
142.73,5.99,64.22,6.8,6.17,4.56,0
181.79,8.0,95.81,12.01,7.89,8.57,2
222.87,7.6,81.65,13.19,9.0,10.08,2
201.76,8.32,91.09,12.76,8.4,8.67,2
208.87,7.58,90.63,12.91,9.77,9.88,2
207.36,8.3,83.77,13.89,8.04,9.18,2
176.11,6.34,77.05,7.75,7.86,7.06,1
165.89,6.71,82.47,8.85,6.24,7.59,1
177.04,6.89,82.6,11.53,5.91,6.81,1
219.86,6.66,76.41,10.17,7.57,6.09,1
200.82,6.94,68.18,10.69,7.55,7.24,1
107.12,5.93,72.52,7.71,4.5,4.91,0
159.78,6.79,77.69,10.36,6.58,7.94,1
187.01,8.38,93.08,11.63,9.59,8.91,2
125.85,5.73,64.73,9.18,4.83,5.8,0
216.94,7.4,93.68,13.94,9.08,9.84,2
201.8,7.62,96.66,15.08,9.32,9.7,2
176.38,6.54,67.48,13.06,6.66,7.62,1
163.64,6.65,81.85,9.21,6.49,7.62,1
210.83,7.68,83.2,14.17,8.94,8.34,2
189.17,6.81,87.85,14.73,9.39,9.25,2
164.35,7.58,72.43,7.39,7.61,5.48,1
114.24,6.37,68.69,5.59,4.72,4.47,0
205.03,8.02,88.86,12.97,8.15,8.33,2
191.47,7.56,87.98,13.44,9.1,7.79,2
139.66,5.91,70.91,6.35,4.91,6.05,0
169.26,6.29,77.38,10.46,5.84,7.11,1
224.82,8.27,90.02,12.69,6.92,8.7,2
211.54,7.66,91.09,14.67,8.77,9.34,2
184.33,6.54,73.65,9.98,6.64,9.63,1
123.66,6.17,66.02,6.3,4.54,3.75,0
146.79,6.21,62.03,7.63,3.64,5.6,0
146.53,5.86,66.43,5.05,4.73,4.74,0
176.3,7.17,72.28,10.13,6.73,6.73,1
232.37,8.16,88.26,16.0,8.29,9.79,2
164.26,5.96,77.45,10.05,6.66,8.39,1
203.46,7.69,87.45,12.33,8.15,8.84,2
180.88,6.11,77.02,11.59,6.45,7.7,1
131.44,6.83,57.84,5.42,6.0,7.36,0
127.59,5.87,64.73,6.67,4.41,5.42,0
182.9,7.78,85.64,14.0,7.85,8.38,2
144.08,6.92,82.52,9.66,7.94,6.74,1
143.73,5.38,63.78,8.54,4.17,5.1,0
154.74,5.49,60.4,6.7,3.7,5.44,0
153.88,6.63,64.58,6.08,4.99,5.14,0
177.33,5.61,68.85,10.92,7.54,6.57,1
175.94,7.77,88.91,13.37,8.05,8.43,2
172.94,6.84,81.45,9.33,6.64,7.26,1
130.85,5.34,71.45,8.55,2.65,4.57,0
184.56,6.87,83.91,13.52,7.37,8.06,1
189.75,7.01,73.17,9.19,6.03,6.11,1
164.36,7.02,70.16,10.69,6.11,6.69,1
196.59,6.78,77.56,12.82,7.02,7.04,1
166.06,6.22,79.34,8.76,5.98,8.36,1
108.06,5.47,66.58,4.83,3.58,4.5,0
220.06,7.6,83.1,12.16,9.89,9.23,2
228.57,7.1,89.78,14.78,9.21,8.33,2
124.74,5.96,59.41,8.13,4.08,4.37,0
174.34,5.93,78.09,11.82,5.9,7.63,1
117.27,5.9,66.6,6.13,4.02,6.2,0
144.0,5.53,73.1,5.68,6.21,3.75,0
142.71,5.84,64.03,6.75,4.58,3.37,0
207.09,6.68,66.11,11.01,7.49,6.03,1
210.39,7.96,91.24,12.41,8.54,9.08,2
150.73,6.81,87.5,11.53,8.14,7.61,1
215.68,7.78,89.0,13.77,7.29,8.79,2
163.69,7.44,76.71,10.42,5.57,6.5,1
221.36,7.22,92.42,12.93,9.51,8.68,2
187.81,8.36,82.04,8.73,6.08,6.94,1
153.81,7.71,75.17,11.25,6.71,6.51,1
203.05,8.31,88.43,17.41,8.65,9.04,2
105.93,6.38,63.33,5.78,4.7,6.65,0
191.72,8.07,82.52,16.15,7.88,8.87,2
140.53,5.39,68.38,8.79,3.9,7.6,0
116.81,5.54,74.65,8.0,3.58,3.9,0
120.1,5.84,61.64,2.62,4.94,6.4,0
200.0,6.87,79.91,12.05,5.87,7.76,1
160.49,6.84,81.43,9.79,7.67,7.72,1
210.06,7.7,93.09,13.83,9.18,9.01,2
132.12,6.14,68.07,5.87,4.18,4.7,0
188.62,5.84,81.3,8.79,6.81,7.1,1
133.31,6.46,60.56,4.9,3.92,6.54,0
155.11,6.52,65.2,5.01,4.09,5.76,0
180.58,6.16,75.93,8.51,7.05,8.74,1
194.49,6.26,74.63,11.44,3.79,7.18,1
161.31,6.6,79.91,8.03,6.1,7.27,1
217.84,7.88,78.42,12.48,8.12,7.88,2
197.72,8.38,86.06,13.72,7.64,9.2,2
189.91,7.34,67.63,9.97,7.62,7.15,1
231.57,7.81,86.31,15.07,8.6,8.55,2
156.28,7.15,85.24,9.53,6.26,8.47,1
207.48,7.63,89.02,11.82,9.5,9.55,2
112.24,4.9,65.09,6.81,4.1,4.32,0
137.54,6.59,70.48,5.29,4.39,4.7,0
130.39,5.53,70.99,4.21,4.55,6.06,0
135.94,5.27,63.41,5.07,5.48,3.39,0
209.28,7.55,92.43,11.62,8.16,9.62,2
216.84,6.54,82.79,9.84,7.73,7.29,1
182.87,7.52,89.72,14.66,10.25,9.57,2
159.32,6.24,66.69,7.36,4.21,6.86,0
150.88,7.02,74.59,11.45,7.49,8.4,1
170.36,6.77,81.45,8.97,6.23,7.29,1
155.41,8.08,86.75,9.95,6.76,6.8,1
218.76,7.9,91.09,11.92,8.23,8.86,2
215.33,7.87,86.3,11.01,8.88,9.76,2
197.69,7.8,88.24,16.39,8.57,9.71,2
122.06,6.17,66.03,6.9,4.59,5.75,0
148.12,5.74,81.6,9.18,9.43,6.5,1
183.85,6.69,72.31,8.77,7.8,7.41,1
183.3,6.34,75.75,10.44,5.73,7.25,1
204.37,8.32,86.85,14.15,8.41,8.97,2
124.28,6.49,56.32,11.71,5.56,5.72,0
133.43,6.07,71.75,6.91,6.36,5.72,0
188.16,7.07,81.58,13.59,8.69,6.75,1
164.15,6.8,72.7,9.25,5.98,9.0,1
134.06,6.65,73.23,6.91,5.45,5.13,0
214.28,8.04,86.27,13.85,7.76,9.77,2
164.11,7.05,80.69,10.96,4.81,8.11,1
133.23,7.19,77.88,11.8,5.4,4.76,1
216.25,7.73,72.19,12.37,6.1,7.4,1
159.59,6.49,83.59,10.02,6.32,7.21,1
160.61,6.26,71.83,8.85,4.59,5.7,0
213.47,8.56,89.68,15.46,8.99,7.89,2
207.29,7.47,88.83,13.7,7.22,7.91,2
152.11,6.22,82.84,10.6,7.55,7.56,1
152.69,6.05,74.27,9.01,7.25,6.81,1
233.49,7.87,87.79,13.92,8.22,9.14,2
168.75,7.19,72.73,10.64,4.8,6.85,1
192.79,8.96,82.37,11.55,9.55,9.43,2
193.98,7.32,89.02,14.55,8.81,8.38,2
192.66,6.83,80.97,11.6,7.79,8.9,2
147.83,4.86,65.14,7.66,4.69,5.93,0
170.9,7.16,71.0,7.72,6.95,8.11,1
150.44,5.39,56.91,7.22,5.29,5.38,0
203.33,7.03,70.52,8.62,7.82,7.16,1
149.3,5.17,68.47,4.97,4.97,5.46,0
92.47,5.3,70.1,10.09,4.52,4.77,0
103.03,6.33,68.26,9.08,4.94,6.6,0
202.78,8.15,91.71,13.81,6.62,9.01,2
137.82,7.86,76.58,6.96,6.66,7.33,1
229.01,8.0,88.05,13.48,7.74,9.3,2
124.06,5.53,64.26,8.25,3.4,5.72,0
212.17,8.32,90.34,12.85,7.37,9.17,2
144.24,5.67,70.69,7.92,3.56,6.59,0
224.06,7.69,88.56,11.21,8.39,8.48,2
198.17,8.3,84.95,13.05,9.76,8.97,2
192.41,7.05,76.19,11.11,6.41,6.43,1
199.32,6.04,71.35,6.73,5.8,7.43,1
202.73,7.43,74.57,11.23,5.55,7.86,1
177.62,6.45,86.46,10.22,3.8,7.57,1
190.44,7.08,76.71,11.62,6.37,6.62,1
161.51,6.97,75.27,12.73,5.23,8.53,1
119.45,6.44,72.21,7.88,4.37,6.08,0
132.61,5.31,72.54,6.82,2.33,6.35,0
112.14,5.94,62.84,6.04,3.68,4.43,0
137.21,7.14,77.43,10.85,5.84,7.26,1
132.69,4.86,64.26,7.14,4.66,4.47,0
138.41,5.47,69.13,7.03,3.86,5.99,0
143.01,5.39,67.75,7.55,4.51,3.41,0
126.47,5.79,69.73,7.01,4.06,5.39,0
173.52,6.95,75.81,10.27,6.94,7.22,1
169.27,6.61,78.09,6.76,4.8,3.98,0
146.99,6.03,58.37,5.98,5.69,4.52,0
135.08,6.22,72.52,11.23,7.37,7.56,1
143.4,6.45,80.37,8.95,6.26,7.67,1
149.41,6.18,72.94,8.06,4.85,6.57,0
192.02,7.19,83.57,15.5,8.06,8.25,2
160.29,6.96,65.98,12.09,7.17,6.1,1
133.23,5.81,70.54,7.35,5.45,5.79,0
206.52,8.33,85.56,14.69,8.5,8.89,2
184.18,7.44,78.63,9.3,5.51,6.14,1
213.44,6.94,86.25,9.06,6.47,7.33,1
140.94,8.42,85.84,12.3,8.18,8.73,2
201.17,7.66,83.52,10.94,9.34,7.89,2
170.34,6.71,83.59,11.91,6.33,8.18,1
148.05,7.44,74.67,11.08,5.23,7.84,1
211.83,7.95,88.37,15.36,8.6,8.13,2
151.57,5.87,77.38,10.02,6.72,6.94,1
118.07,5.52,56.82,7.07,4.25,3.83,0
203.25,8.58,84.85,14.49,9.65,8.17,2
215.15,7.71,91.76,11.21,7.3,9.11,2
226.14,6.43,92.75,14.28,9.55,8.88,2
197.12,7.03,79.25,11.21,6.24,6.68,1
131.97,5.56,57.1,8.12,3.43,5.74,0
165.52,6.14,80.05,11.0,5.15,6.94,1
125.21,5.72,67.2,5.5,5.24,4.99,0
173.86,6.07,78.38,11.57,6.47,7.92,1
143.55,6.85,69.87,6.24,6.8,7.41,1
115.94,6.54,76.81,7.01,5.51,6.84,0
138.32,6.27,67.06,11.3,2.83,6.56,0
177.45,6.77,77.28,10.06,7.52,7.15,1
140.06,4.73,72.06,6.76,7.74,7.81,0
183.64,6.27,82.11,8.56,7.19,8.18,1
163.68,5.49,70.59,7.99,6.64,7.04,1
177.58,7.24,71.74,7.7,8.08,6.81,1
118.66,6.56,69.55,8.55,3.84,6.35,0
216.53,7.21,84.02,15.23,10.02,9.24,2
172.79,5.68,65.21,6.03,5.24,5.32,0
126.3,5.87,75.06,8.35,4.23,4.61,0
236.04,7.47,81.71,11.92,9.3,9.15,2
113.34,5.28,64.56,6.47,3.73,4.2,0
170.61,6.95,81.47,6.96,5.61,7.03,1
115.1,5.69,65.46,8.17,5.81,6.9,0
191.62,6.27,82.34,8.22,7.09,7.8,1
174.18,7.97,86.49,13.97,8.97,9.77,2
255.1,7.57,95.58,13.11,7.4,8.82,2
211.57,7.43,88.98,11.64,7.74,9.39,2
198.23,6.83,88.24,7.56,5.94,7.33,1
115.35,6.25,67.86,7.83,3.32,4.6,0
117.65,5.32,68.72,6.93,4.53,4.74,0
194.06,7.49,83.59,14.6,9.31,9.01,2
134.54,4.92,63.53,6.39,3.98,5.65,0
203.11,7.5,86.05,14.92,9.07,8.99,2
127.27,6.09,59.01,7.69,6.52,4.14,0
170.27,6.0,74.3,10.98,7.93,6.96,1
212.06,7.75,91.31,13.34,7.09,8.85,2
128.87,6.05,60.22,7.33,5.05,6.18,0
153.38,6.84,59.07,4.18,6.37,5.89,0
155.86,5.63,69.13,8.8,3.13,4.79,0
143.85,6.08,67.98,6.85,4.94,2.97,0
106.87,5.21,74.18,6.48,5.95,5.42,0
149.32,6.83,82.31,7.46,7.32,7.95,1
95.58,6.4,71.79,7.08,4.73,6.57,0
137.97,5.83,67.87,7.37,4.28,6.99,0
183.65,6.36,76.97,8.45,7.32,6.63,1
157.03,7.61,87.96,10.59,8.09,6.84,1
177.86,7.38,74.96,8.49,6.75,5.87,1
217.61,6.61,71.55,9.39,6.51,7.75,1
152.77,5.76,65.4,7.23,3.66,7.59,0
130.16,4.88,64.84,8.19,4.2,5.25,0
120.74,5.65,57.53,7.32,4.5,4.68,0
220.26,7.64,79.21,15.4,8.65,8.77,2
197.01,7.87,91.33,14.7,7.36,10.15,2
186.87,7.63,89.82,13.4,8.71,8.36,2
133.61,5.2,74.25,9.71,2.82,4.48,0
231.97,8.81,88.98,13.91,7.28,8.68,2
219.55,7.95,83.77,14.44,8.41,9.13,2
172.78,7.1,75.77,13.08,5.69,8.98,1
95.47,5.72,67.72,8.27,5.19,6.08,0
102.23,5.94,57.44,6.9,3.13,7.49,0
215.31,7.46,87.95,13.14,8.89,8.29,2
124.08,6.03,64.7,5.96,3.35,3.75,0
150.51,5.87,59.12,5.8,4.43,5.42,0
142.86,6.0,73.18,5.39,5.18,6.69,0
225.9,7.12,83.67,14.0,8.91,8.25,2
182.37,6.66,78.57,10.69,6.31,7.22,1
129.81,5.41,75.67,5.71,3.94,5.7,0
191.75,7.97,87.07,13.52,9.41,8.29,2
235.4,8.19,86.69,16.48,7.26,8.16,2
152.16,6.06,70.63,7.77,3.86,5.93,0
134.65,5.67,67.11,7.82,3.32,6.61,0
155.22,7.7,73.73,9.0,5.52,8.74,1
132.53,6.28,75.06,8.97,6.14,6.24,0
217.85,7.42,87.43,14.82,9.13,8.99,2
137.96,6.9,69.46,6.91,5.58,5.71,0
139.98,5.8,59.15,9.03,3.89,6.0,0
173.9,6.43,80.08,11.75,6.48,8.32,1
150.13,5.9,66.88,9.22,6.2,6.79,1
150.75,6.35,80.76,8.9,6.2,6.0,1
191.36,8.24,88.19,14.54,8.15,9.64,2
223.0,6.85,83.58,10.35,7.0,7.03,1
222.49,8.38,91.57,13.19,8.27,9.27,2
136.08,5.94,73.8,5.04,1.48,5.68,0
142.03,5.75,68.33,6.13,2.06,5.37,0
171.52,7.54,77.89,11.06,7.98,7.15,1
149.85,5.37,63.71,6.54,3.15,4.68,0
127.38,5.12,62.13,8.06,3.19,3.9,0
168.08,6.7,86.03,6.88,7.71,6.55,1
165.8,5.52,77.16,9.51,6.89,7.18,1
153.74,6.22,88.56,8.71,6.18,7.01,1
207.22,6.89,87.92,13.65,9.43,9.95,2
131.84,6.05,66.95,7.46,6.31,5.16,0
203.65,7.24,82.82,9.54,4.77,8.86,1
191.67,6.75,77.11,10.98,7.46,7.28,1
200.42,7.61,83.5,14.07,10.47,9.47,2
174.6,6.77,80.94,11.44,7.45,8.16,1
221.6,7.87,90.09,12.3,8.25,9.12,2
191.74,5.24,68.21,3.88,5.05,4.95,0
172.83,8.41,86.4,13.74,8.5,8.36,2
196.02,6.41,73.73,9.4,6.77,7.25,1
232.03,8.27,90.1,13.64,8.1,8.43,2
131.75,6.49,55.94,9.3,3.08,5.23,0
171.84,7.0,79.8,10.76,6.79,6.89,1
199.44,7.42,84.01,11.41,7.8,8.9,2
197.59,6.55,71.66,9.75,6.57,5.9,1
172.88,6.81,68.41,7.79,6.84,6.71,1
180.58,7.04,80.95,6.02,7.87,6.71,1
112.87,6.05,64.67,6.84,7.14,4.0,0
131.89,6.19,69.21,5.9,4.73,3.64,0
149.33,7.0,82.15,9.05,6.79,7.01,1
233.69,7.53,87.25,13.64,7.68,9.14,2
132.79,5.85,61.35,10.62,6.02,6.1,0
97.49,6.66,65.56,7.43,4.45,5.08,0
155.24,5.63,69.82,5.47,4.48,5.33,0
167.83,7.49,87.21,15.45,9.19,9.14,2
132.04,5.91,62.03,5.48,3.11,3.9,0
185.68,7.65,83.98,13.69,8.21,9.11,2
102.99,5.96,64.48,6.88,4.85,5.01,0
226.97,7.89,86.59,16.72,8.42,9.7,2
113.36,5.6,68.59,6.5,4.41,4.97,0
172.89,8.02,93.1,14.89,7.97,9.05,2
217.37,7.5,93.97,13.26,8.99,9.87,2
150.9,5.76,66.1,11.79,4.8,4.75,0
138.77,5.25,68.17,8.55,3.66,6.92,0
154.83,6.42,78.16,7.41,6.52,8.65,1
133.52,6.62,91.52,9.65,7.6,8.45,1
99.88,5.87,57.91,8.14,4.41,5.92,0
205.12,6.51,70.09,11.23,5.12,6.95,1
120.6,4.85,65.03,8.5,5.89,6.21,0
197.45,8.37,85.88,14.67,7.33,9.14,2
212.94,8.53,91.89,11.56,7.55,9.35,2
167.95,6.29,72.86,9.44,7.14,8.04,1
230.58,7.85,84.63,14.55,8.66,7.49,2
201.46,6.49,68.8,11.99,6.0,6.81,1
137.78,5.63,66.9,6.84,5.72,4.42,0
146.72,7.34,78.19,11.64,6.43,5.28,1
202.24,7.68,89.07,13.88,7.84,9.41,2
130.87,5.78,59.34,7.77,5.07,5.44,0
189.25,6.51,82.26,8.16,7.95,7.31,1
221.3,8.63,89.06,12.66,8.87,8.67,2
157.03,7.06,82.32,10.26,7.65,6.33,1
219.55,7.26,88.46,13.46,8.76,9.07,2
183.87,7.22,74.99,11.75,4.83,6.1,1
172.94,6.93,77.25,8.1,6.99,5.74,1
147.68,6.19,67.42,9.12,4.91,4.64,0
183.18,7.87,92.65,13.22,7.3,9.5,2
181.09,6.3,78.1,7.8,4.73,7.59,1
206.96,6.06,78.7,10.1,7.31,6.62,1
216.48,8.07,84.0,12.22,7.54,8.47,2
166.42,7.64,70.7,11.79,7.18,5.93,1
141.91,7.25,76.16,11.05,5.17,8.24,1
192.68,7.8,87.62,11.38,8.63,9.58,2
131.71,6.49,63.77,5.8,4.02,4.55,0
205.27,6.36,78.74,8.98,7.11,7.71,1
156.18,6.79,74.88,11.12,6.53,7.85,1
198.58,8.36,87.07,13.8,8.1,8.39,2
154.17,6.53,62.42,5.74,4.36,5.81,0
200.02,6.13,72.98,9.5,7.92,7.92,1
181.08,6.5,82.88,10.0,7.19,5.58,1
133.14,5.18,77.48,9.39,5.18,4.69,0
220.52,7.67,88.67,15.09,7.54,8.39,2
221.98,8.9,84.85,14.0,7.1,9.27,2
200.66,8.66,87.24,13.37,6.73,8.88,2
111.72,6.09,69.25,4.2,3.34,5.22,0
164.84,7.42,86.16,14.37,8.67,8.9,2
145.55,5.59,68.29,6.64,4.51,5.17,0
238.8,8.56,91.03,13.12,5.91,9.18,2
132.39,6.98,73.1,10.25,7.81,6.54,1
149.74,6.57,61.39,5.62,5.52,5.77,0
192.19,6.78,74.96,10.89,6.91,7.59,1
239.34,7.99,85.64,11.62,8.82,8.93,2
207.68,7.55,89.94,12.23,8.74,8.56,2
191.93,8.27,88.61,11.96,7.99,7.86,2
222.12,7.95,86.4,12.63,9.62,9.12,2
80.86,6.09,68.22,5.36,3.51,4.53,0
203.88,6.66,78.69,8.37,5.63,7.38,1
208.84,7.57,92.06,13.78,8.54,9.47,2
147.34,6.72,66.12,8.0,4.6,6.8,0
224.68,8.1,92.16,11.97,8.32,8.44,2
132.91,5.91,74.89,8.48,5.37,5.04,0
211.24,7.73,92.71,11.53,8.93,8.0,2
219.5,7.42,88.2,11.47,9.05,8.84,2
104.33,5.34,74.81,6.59,4.26,5.2,0
143.57,6.05,72.3,11.14,4.89,4.99,0
140.3,5.68,63.08,5.96,3.58,4.67,0
150.1,7.25,81.92,8.65,5.73,6.93,1
180.78,7.3,85.8,7.07,5.18,8.35,1
193.39,7.52,72.75,8.54,6.05,6.7,1
196.02,6.44,74.78,5.89,7.69,8.53,1
220.28,7.44,93.07,12.04,8.41,8.67,2
179.09,7.12,73.89,8.17,5.93,7.2,1
189.13,5.91,81.57,9.65,7.21,7.92,1
128.35,5.87,58.12,7.61,3.47,4.15,0
221.02,7.02,83.69,14.01,9.0,9.38,2
192.95,7.39,77.67,9.46,7.73,6.33,1
86.32,5.49,64.56,7.95,4.52,4.09,0
117.44,6.45,70.32,6.17,5.5,5.0,0
171.11,7.27,86.18,11.97,5.41,7.1,1
214.54,6.81,79.19,13.17,8.7,8.32,2
174.89,7.19,77.06,11.79,7.52,8.04,1
205.64,8.28,84.06,12.34,7.69,9.05,2
126.06,5.71,62.05,6.95,3.69,4.39,0
121.69,6.4,71.75,7.36,2.97,5.3,0
161.87,5.66,66.89,5.88,2.08,6.38,0
131.73,5.75,71.98,9.55,2.86,3.71,0
182.78,6.44,67.84,8.02,6.52,6.4,1
168.89,6.78,78.1,8.8,7.08,7.67,1
218.24,8.02,80.91,14.46,7.96,8.34,2
144.74,6.24,63.66,6.91,3.44,3.0,0
194.91,7.19,91.13,13.4,8.49,8.34,2
147.55,5.63,72.87,7.55,4.39,5.95,0
164.44,6.49,73.46,12.53,7.34,7.32,1
186.79,7.65,89.31,12.64,9.13,8.66,2
199.34,7.96,85.67,14.1,7.44,8.86,2
225.07,7.98,86.17,15.11,7.61,9.19,2
157.27,5.57,66.79,7.09,5.35,3.25,0
133.35,5.36,71.99,6.57,5.26,5.21,0
144.62,6.24,65.4,9.69,4.73,6.0,0
237.28,8.37,83.55,11.75,9.52,8.32,2
150.43,7.15,80.59,10.74,6.5,7.63,1
196.44,6.73,66.9,7.9,6.25,6.37,1
140.72,7.52,71.86,9.11,6.86,6.34,1
107.03,6.21,68.88,5.65,3.63,6.63,0
202.16,7.78,88.16,14.84,8.97,8.91,2
115.39,5.41,65.15,4.89,4.52,6.4,0
168.24,6.15,80.21,7.85,5.66,5.61,1
213.78,8.11,90.84,13.29,8.0,9.36,2
167.74,6.84,82.55,9.72,5.29,7.35,1
105.91,5.95,71.66,6.38,5.2,8.31,0
107.74,5.96,75.77,7.03,4.73,6.19,0
146.81,5.9,66.91,6.42,5.62,6.45,0
181.44,6.83,82.53,10.11,8.56,6.15,1
96.24,6.35,64.61,5.71,5.19,5.11,0
143.25,5.31,61.23,4.47,2.71,4.14,0
194.6,7.66,83.79,12.79,7.55,7.9,2
142.83,6.04,63.02,7.64,5.78,3.28,0
198.28,7.32,90.47,12.49,9.21,9.84,2
226.45,7.31,94.46,12.05,8.67,8.99,2
150.71,5.32,66.6,6.55,3.49,5.86,0
215.31,8.0,84.77,12.81,8.36,8.08,2
174.71,7.38,79.99,8.88,6.22,6.18,1
140.79,5.88,62.02,6.73,2.32,5.68,0
134.04,5.52,67.84,8.42,5.0,4.62,0
179.06,8.32,88.19,12.72,7.83,8.86,2
122.48,5.34,73.2,6.41,5.57,6.1,0
158.6,5.69,71.3,7.12,5.64,5.11,0
131.09,5.65,79.13,7.65,3.12,4.94,0
125.35,6.2,68.84,9.76,4.28,5.15,0
187.66,7.88,76.42,8.59,6.75,6.66,1
146.26,6.24,64.04,7.19,6.45,4.99,0
228.53,8.79,91.82,16.76,7.76,8.51,2
196.49,7.65,88.01,11.44,8.13,9.23,2
177.89,7.13,72.8,12.53,6.75,7.88,1
220.71,7.49,86.7,13.86,8.58,9.01,2
129.61,5.77,80.1,5.33,5.96,6.5,0
116.75,5.84,62.37,7.38,3.6,5.09,0
202.28,6.99,76.13,9.25,6.33,8.61,1
124.08,5.91,73.0,6.26,2.62,6.12,0
163.45,7.63,73.72,10.05,7.15,5.99,1
200.17,7.13,93.68,14.39,7.93,9.43,2
221.71,8.01,83.72,12.32,9.05,8.86,2
150.45,6.53,80.5,8.53,8.11,8.28,1
131.15,5.99,70.45,7.4,5.16,5.43,0
156.02,6.77,77.59,11.15,5.73,8.39,1
134.52,5.36,66.18,5.88,3.82,5.36,0
226.61,7.54,81.61,15.74,10.14,9.93,2
157.12,6.87,78.42,8.4,7.46,9.16,1
222.56,7.1,78.25,11.08,6.13,9.21,1
187.66,7.07,78.83,7.93,6.02,7.97,1
187.27,7.28,71.87,13.29,7.27,7.3,1
125.48,5.27,73.12,6.61,4.85,4.93,0
177.46,6.81,74.42,11.21,7.03,7.99,1
161.58,5.22,68.08,5.35,3.91,4.66,0
143.53,5.34,69.78,5.62,4.08,5.2,0
154.08,6.11,70.42,4.95,5.71,5.76,0
225.64,7.81,84.09,12.58,6.92,10.22,2
137.54,4.73,70.84,7.32,5.01,9.43,0
240.3,8.0,83.65,13.31,7.61,9.39,2
184.87,6.13,74.29,9.83,8.4,7.21,1
144.94,6.11,63.52,7.87,4.76,4.96,0
102.54,5.01,68.34,7.76,2.92,6.4,0
176.57,6.28,82.28,10.6,6.89,6.96,1
161.71,5.98,65.43,7.0,3.25,6.1,0
129.43,5.42,68.6,9.01,2.62,5.62,0
158.09,7.36,76.53,12.18,8.03,7.24,1
178.18,7.03,77.63,8.81,7.52,6.98,1
212.3,8.12,86.0,10.69,8.14,9.24,2
209.99,8.4,94.06,11.24,8.51,8.59,2
114.17,5.13,59.24,7.99,5.69,7.35,0
125.54,5.82,63.64,7.33,2.76,4.95,0
174.26,6.06,82.73,10.08,6.92,6.93,1
187.39,6.58,73.73,9.04,7.2,6.8,1
146.42,6.35,69.05,6.64,5.17,7.4,0
195.46,7.6,94.02,11.88,8.63,9.9,2
207.99,7.57,83.33,13.01,9.39,9.34,2
131.45,5.72,66.03,8.7,5.09,2.56,0
209.8,6.93,77.94,11.55,7.59,6.66,1
227.78,7.41,84.88,14.99,6.99,8.09,2
122.54,4.82,67.52,10.06,4.78,5.48,0
166.73,6.26,74.93,10.29,7.05,5.56,1
173.0,6.95,82.17,9.05,7.36,5.13,1
203.13,8.17,87.31,14.12,8.0,9.14,2
109.88,6.1,63.38,6.71,4.05,4.71,0
175.63,6.11,84.84,10.19,7.35,8.28,1
197.38,7.41,76.33,7.31,5.93,6.82,1
248.81,7.61,86.5,12.66,8.11,7.35,2
155.87,6.29,63.1,7.3,4.04,5.69,0
133.22,5.5,69.16,7.71,3.79,4.79,0
146.87,6.27,58.96,5.86,3.73,4.56,0
183.29,6.04,81.99,9.17,6.51,7.23,1
156.71,6.19,69.33,9.28,3.55,7.25,0
134.9,6.39,60.13,7.78,6.37,5.92,0
113.77,5.89,70.36,9.29,5.39,6.26,0
227.84,6.26,75.86,10.62,7.1,8.07,1
145.78,6.13,63.33,7.12,4.96,6.96,0
117.01,5.55,71.2,7.82,4.26,5.13,0
211.94,7.68,89.17,13.92,8.73,9.07,2
241.28,8.01,89.36,13.31,8.45,8.84,2
149.08,5.4,63.1,8.62,3.15,5.08,0
179.38,7.99,89.06,13.6,8.33,8.82,2
154.26,6.85,79.93,8.24,7.43,5.88,1
177.69,6.85,80.18,11.27,6.89,7.66,1
172.33,5.34,54.35,6.57,5.6,7.46,0
208.5,8.49,79.23,11.37,9.05,9.01,2
127.63,6.16,78.41,6.07,2.96,3.62,0
194.4,7.79,89.95,14.65,8.62,9.2,2
173.41,6.57,82.45,9.09,6.3,8.42,1
194.44,8.37,86.73,15.56,9.15,7.23,2
231.5,8.45,80.01,12.44,8.9,9.39,2
119.76,6.42,70.9,6.94,4.08,3.47,0
121.64,5.14,63.94,6.94,4.07,4.81,0
198.26,6.43,84.58,10.32,6.34,9.3,1
199.35,8.44,87.55,12.93,7.76,9.16,2
208.14,7.56,88.17,17.46,9.42,9.7,2
167.29,6.79,72.33,11.54,4.71,7.73,1
160.65,6.82,80.17,9.41,7.04,7.55,1
139.49,6.32,67.72,7.04,4.15,7.06,0
150.3,7.39,81.66,11.88,7.3,8.95,1
156.72,5.04,61.72,7.19,3.52,4.71,0
191.18,6.82,81.3,12.65,7.54,7.37,1
184.94,6.63,77.43,10.22,5.74,7.47,1
213.37,7.99,83.89,11.1,9.0,9.89,2
187.1,6.88,83.9,10.6,5.53,6.66,1
150.52,5.09,61.24,2.74,3.69,6.46,0
152.98,7.51,85.76,11.32,5.74,7.06,1
160.28,6.23,75.94,8.89,4.87,8.92,1
170.58,5.02,75.09,7.16,3.6,4.17,0
148.5,5.94,62.25,7.48,3.51,4.87,0
218.51,6.44,88.66,11.78,8.76,8.38,2
167.92,5.85,80.35,12.96,6.96,7.79,1
171.39,6.98,83.2,7.07,6.13,7.47,1
215.1,7.75,78.09,14.25,9.72,9.07,2
146.2,5.23,72.2,6.89,5.17,4.43,0
184.95,6.33,83.53,10.3,6.76,7.02,1
177.97,7.53,84.93,13.38,7.99,9.44,2
190.25,7.49,90.01,15.32,7.31,8.9,2
151.99,6.35,71.32,12.0,8.05,7.56,1
133.19,5.77,69.05,6.65,5.89,6.34,0
168.72,6.34,64.76,8.92,4.57,6.35,0
136.08,5.99,73.25,5.0,4.15,4.73,0
118.72,6.39,70.33,9.91,3.62,5.12,0
173.11,7.11,77.87,9.67,6.56,6.82,1
218.58,7.72,93.66,16.26,8.38,9.21,2
240.14,7.35,83.95,10.86,8.14,8.7,2
180.97,6.28,86.56,10.79,6.1,6.7,1
162.04,6.34,71.73,9.68,6.89,7.86,1
144.88,5.67,66.37,7.49,4.59,3.28,0
173.79,6.26,74.09,11.28,6.75,7.29,1
219.55,7.74,87.86,14.86,10.38,8.16,2
122.28,6.23,75.25,8.61,3.77,5.86,0
139.04,6.25,65.51,8.97,4.82,5.69,0
197.79,7.65,85.61,13.67,9.46,8.54,2
193.35,7.57,88.3,15.29,7.43,8.81,2
145.9,6.69,76.76,10.94,6.55,7.8,1
192.05,7.27,92.41,12.92,8.45,9.29,2
195.45,6.72,77.19,10.66,5.62,7.41,1
224.0,7.43,91.13,13.58,9.34,8.88,2
202.55,6.41,83.86,12.25,5.68,6.14,1
200.22,8.43,89.05,12.32,8.12,9.67,2
156.33,7.13,74.02,8.57,5.06,6.91,1
145.56,5.56,71.36,4.98,4.63,7.44,0
150.7,5.64,64.14,7.5,5.43,5.28,0
206.92,7.77,81.16,14.09,8.43,9.97,2
141.05,5.69,62.88,5.92,6.55,5.5,0
107.66,4.48,68.94,6.86,3.99,5.74,0
118.79,5.32,72.4,8.41,4.99,6.57,0
125.44,6.04,61.49,8.02,4.91,5.19,0
195.47,7.0,79.55,8.31,5.34,7.56,1
231.3,7.22,83.18,13.84,9.0,8.82,2
258.99,8.22,92.41,14.24,7.21,9.24,2
210.26,7.99,87.38,14.57,8.58,8.69,2
130.89,5.3,54.19,6.71,6.91,6.28,0
193.84,7.48,86.5,13.43,8.69,6.79,2
211.54,6.94,84.28,12.74,8.44,10.13,2
164.67,6.66,80.9,12.12,5.87,7.38,1
165.48,6.26,75.84,6.82,5.76,7.05,1
130.84,6.53,60.31,8.04,3.89,7.22,0
191.87,7.88,79.35,14.22,9.03,9.45,2
184.91,7.89,88.28,9.28,8.29,9.27,2
184.1,7.02,72.05,11.02,5.57,6.39,1
204.23,6.99,80.5,7.46,6.33,6.65,1
183.14,6.62,78.15,11.05,5.27,6.75,1
223.66,8.02,94.13,14.13,9.98,9.32,2
113.5,5.94,62.77,7.83,4.47,3.91,0
189.89,6.88,71.64,10.32,7.56,7.0,1
200.02,7.69,76.77,6.55,5.68,6.96,1
147.19,6.53,79.93,11.26,5.82,4.97,1
145.62,6.35,68.96,9.59,6.45,7.39,1
206.03,7.13,81.39,14.95,8.94,9.27,2
203.97,7.73,83.08,12.88,9.95,9.35,2
168.76,6.51,76.89,7.84,7.46,8.2,1
112.46,5.98,71.43,6.37,1.9,5.7,0
183.42,6.21,72.43,9.05,5.56,6.86,1
227.16,8.19,85.48,12.44,7.47,9.05,2
165.7,6.29,79.4,5.99,4.75,7.16,1
122.84,5.82,61.56,5.37,5.18,4.35,0
182.76,6.16,77.36,9.02,4.31,8.58,1
166.2,7.59,71.79,8.31,5.4,7.25,1
120.92,5.42,58.14,7.71,2.67,4.27,0
127.98,5.88,66.52,6.38,3.55,6.11,0
162.19,6.61,75.94,11.53,6.12,8.97,1
194.53,6.82,75.58,9.63,6.33,7.78,1
176.94,6.35,82.79,11.0,5.47,7.61,1
140.05,5.61,79.73,10.74,8.56,7.43,1
123.98,5.98,61.28,7.16,4.47,5.29,0
212.34,7.27,89.68,14.77,8.93,7.94,2
162.99,5.68,79.03,8.84,5.7,6.9,1
149.37,6.89,68.18,7.78,6.5,6.87,1
149.25,6.56,76.51,9.46,5.95,6.42,1
186.64,7.07,92.04,11.23,8.72,8.84,2
116.72,5.83,69.14,8.04,4.68,5.13,0
171.25,7.78,85.75,11.36,9.45,9.4,2
230.0,7.05,86.71,15.5,9.28,9.22,2
152.13,5.29,69.37,6.6,5.35,3.37,0
183.5,8.17,85.7,13.0,8.25,8.52,2
204.4,8.0,90.68,13.33,6.97,8.42,2
168.42,5.56,68.62,4.29,2.11,6.34,0
190.46,7.81,85.44,15.73,7.91,8.16,2
167.07,7.52,80.75,12.07,5.99,8.92,2
169.82,6.92,76.65,7.68,8.09,7.38,1
232.54,8.37,88.41,12.82,7.72,8.98,2
138.83,6.31,72.53,6.15,3.68,5.58,0
256.55,8.01,90.45,15.21,7.36,10.05,2
145.33,5.16,60.56,7.44,4.65,4.89,0
133.79,5.44,70.41,9.23,3.92,5.74,0
142.68,6.63,81.66,8.09,7.55,7.69,1
140.2,5.93,66.33,8.22,5.29,3.75,0
205.33,7.86,84.69,13.68,8.86,9.13,2
170.77,6.35,81.99,7.19,7.15,6.42,1
173.05,7.36,81.43,12.1,6.2,8.38,1
270.79,8.14,86.36,11.92,7.0,8.38,2
140.32,5.41,67.79,7.26,3.83,5.7,0
170.52,6.96,76.42,10.47,6.94,7.97,1
171.7,6.79,75.59,11.65,8.46,7.66,1
174.31,6.09,64.1,6.08,4.41,5.26,0
181.41,7.43,74.66,8.9,7.6,7.64,1
155.76,6.49,65.49,3.1,4.14,5.44,0
127.95,5.34,75.08,6.52,5.72,7.02,0
175.13,6.06,75.56,7.85,7.19,7.87,1
137.22,6.08,67.22,9.54,3.88,5.69,0
155.81,6.77,87.56,11.75,7.85,7.32,1
168.73,6.76,76.16,11.21,7.62,7.53,1
213.28,8.25,83.09,12.48,8.65,10.44,2
119.46,5.78,67.09,7.71,3.13,6.09,0
185.06,6.72,79.71,11.87,5.72,6.78,1
180.02,6.95,69.55,8.53,9.26,7.06,1
217.08,6.37,80.67,8.91,7.54,6.29,1
220.95,8.47,87.3,15.54,8.35,9.51,2
125.82,5.82,54.56,6.01,4.95,4.52,0
173.82,7.14,95.23,15.96,8.55,10.0,2
172.16,6.95,75.0,10.21,6.57,8.08,1
124.39,5.57,71.28,9.52,3.69,6.58,0
170.87,5.42,64.25,8.29,4.11,5.45,0
183.54,7.15,83.89,10.61,5.12,6.92,1
175.55,6.35,74.74,9.18,6.18,7.51,1
161.34,6.31,76.64,11.85,5.69,7.45,1
143.86,7.47,90.49,10.07,5.86,9.56,1
156.85,5.76,70.64,7.94,7.88,7.39,1
204.94,7.86,89.78,14.15,7.9,8.33,2
158.71,5.74,56.39,6.09,5.8,5.48,0
142.91,6.19,69.29,9.51,4.49,6.17,0
167.16,6.38,75.61,9.93,7.84,5.75,1
147.75,7.12,86.82,14.19,6.59,7.93,1
215.95,7.52,88.57,14.36,9.27,9.47,2
146.2,6.46,68.93,8.64,6.51,6.52,0
238.33,7.63,84.65,14.84,9.24,9.1,2
206.41,8.0,79.09,9.3,5.32,7.67,1
195.21,8.61,85.89,11.81,8.14,7.8,2
218.21,7.62,84.41,14.36,9.69,9.43,2
141.76,6.59,83.15,9.49,5.65,8.04,1
116.41,6.0,76.05,6.67,3.65,4.85,0
122.24,6.78,64.37,7.27,4.9,5.63,0
148.36,5.48,68.08,6.54,4.28,6.27,0
192.5,7.84,93.74,10.89,7.86,8.67,2
207.64,7.51,90.79,12.98,7.57,9.77,2
204.47,8.48,87.61,14.74,8.32,10.0,2
201.68,6.66,75.17,9.29,7.22,7.17,1
198.21,7.54,88.32,13.98,7.71,9.43,2
138.61,6.1,68.31,4.08,4.15,3.28,0
145.27,6.28,65.34,6.08,3.41,4.67,0
217.44,7.68,86.2,13.3,8.73,7.87,2
141.09,5.65,67.84,8.98,3.49,6.64,0
231.77,7.79,94.56,14.86,7.93,10.33,2
140.6,6.85,75.66,8.86,7.85,6.78,1
156.08,5.53,76.86,9.79,6.64,7.88,1
207.25,8.02,95.05,12.74,7.13,9.5,2
216.02,7.66,84.65,12.39,8.33,6.84,2
235.81,6.87,85.26,13.36,8.83,9.95,2
179.03,5.83,72.41,12.31,5.57,8.29,1
186.32,7.57,91.29,13.56,7.64,9.27,2
119.14,5.44,72.93,9.15,4.26,5.55,0
158.33,6.74,77.28,9.75,6.53,7.36,1
126.9,6.43,64.32,7.54,3.77,6.26,0
125.36,5.75,68.66,7.29,5.21,5.06,0
140.01,5.55,62.77,6.12,4.02,5.86,0
244.33,7.31,95.55,12.05,8.69,8.24,2
118.99,6.28,71.38,9.21,3.9,5.27,0
109.69,5.76,59.48,8.14,4.58,4.04,0
168.46,7.23,79.71,12.25,6.57,8.12,1
213.44,7.23,87.23,14.62,9.01,8.84,2
115.34,5.87,71.97,7.97,2.13,7.54,0
201.15,7.49,80.93,13.53,8.46,9.39,2
165.16,8.41,92.36,12.96,9.07,8.48,2
157.88,6.63,72.97,10.07,5.94,6.1,1
179.62,7.5,90.09,12.52,7.68,8.51,2
176.85,6.87,70.94,11.2,6.74,7.89,1
190.12,8.02,87.11,10.98,8.88,8.14,2
215.0,7.38,88.18,11.45,9.35,9.05,2
228.87,7.38,85.6,14.39,8.5,9.35,2
183.32,8.38,87.59,13.56,8.82,8.53,2
229.39,7.79,86.66,14.35,8.72,9.62,2
139.32,6.05,82.49,11.69,5.99,7.85,1
130.86,5.37,67.88,11.48,4.87,5.19,0
177.2,6.59,73.88,8.41,5.78,8.2,1
203.84,8.25,88.83,14.17,8.84,8.04,2
187.66,8.05,76.86,7.89,6.9,8.36,1
191.52,7.57,87.62,12.92,8.33,9.2,2
210.86,7.72,73.66,10.84,7.25,6.82,1
146.71,6.33,66.57,8.83,7.27,6.97,1
154.31,6.98,63.07,4.93,4.8,6.22,0
209.07,7.99,87.54,11.73,9.25,9.3,2
200.96,6.54,78.28,9.54,7.65,5.03,1
239.28,7.92,86.46,12.13,8.7,7.54,2
183.14,8.45,87.35,15.29,8.12,9.16,2
106.06,5.89,77.12,7.01,4.31,5.14,0
178.62,6.85,78.21,11.56,6.83,8.48,1
188.6,8.02,88.7,13.27,9.15,9.74,2
208.83,7.85,85.8,12.73,8.73,9.57,2
124.88,5.7,58.58,5.79,5.46,7.12,0
150.64,6.24,63.18,7.06,5.18,5.29,0
144.11,6.52,69.84,5.43,5.86,7.14,0
228.76,7.92,88.49,13.97,8.43,9.01,2
138.31,7.15,68.75,5.49,4.4,3.72,0
212.52,7.92,91.54,16.17,7.41,8.97,2
208.41,8.91,91.22,16.79,9.21,9.62,2
137.21,6.61,68.62,6.62,4.21,3.94,0
202.03,7.8,91.78,12.67,7.0,10.23,2
228.28,7.21,92.11,12.53,8.79,8.69,2
197.6,8.03,93.24,15.26,7.49,9.77,2
132.62,5.54,60.21,5.38,2.48,5.4,0
148.95,6.08,68.17,6.63,5.7,5.64,0
190.82,7.04,85.23,9.31,6.07,6.26,1
188.44,7.59,86.44,15.53,8.47,8.46,2
164.59,6.67,74.82,9.15,8.37,6.62,1
255.06,7.56,90.8,11.09,8.28,8.92,2
176.43,7.18,81.48,10.42,6.29,7.05,1
107.23,5.48,69.98,6.05,4.26,6.24,0
198.27,6.87,86.3,14.1,8.13,8.82,2
133.39,5.78,58.34,9.24,4.54,5.94,0
143.99,6.04,67.38,8.11,4.98,4.26,0
144.27,6.21,68.62,6.2,5.34,4.14,0
140.93,6.96,72.06,9.4,7.03,7.37,1
197.64,7.38,86.93,12.44,7.84,9.7,2
197.13,8.7,94.18,14.41,9.59,9.04,2
177.35,6.73,75.62,8.76,5.81,6.22,1
175.42,7.11,78.97,11.96,6.43,7.15,1
142.57,5.51,71.41,7.0,4.9,4.54,0
205.85,7.4,88.5,14.42,9.46,8.11,2
205.21,8.08,95.46,10.29,7.94,8.87,2
139.06,5.62,66.34,8.24,4.06,3.89,0
127.85,5.25,68.74,7.13,4.86,5.69,0
210.4,6.78,84.25,8.42,7.58,8.14,1
192.34,7.41,93.73,13.79,9.03,8.1,2
186.48,6.93,83.98,7.72,7.0,7.8,1
105.1,6.05,56.68,6.52,5.44,5.69,0
116.85,4.82,68.75,4.65,4.6,5.24,0
195.68,8.5,87.05,11.53,8.65,8.49,2
192.42,7.88,86.3,12.35,9.09,8.08,2
195.88,6.55,72.87,10.09,6.61,6.44,1
144.93,5.97,68.95,5.01,5.55,6.67,0
178.24,6.66,73.82,11.65,7.37,6.9,1
142.95,7.55,81.88,9.27,7.74,7.1,1
142.47,6.03,67.22,7.84,1.97,5.2,0
177.73,6.65,74.91,11.35,5.67,8.78,1
115.72,6.76,60.6,7.28,5.51,4.25,0
134.03,5.31,72.61,10.48,4.7,4.6,0
183.71,7.89,90.29,14.48,8.41,8.31,2
155.1,5.89,63.34,9.84,4.55,6.27,0
166.3,6.29,67.43,5.79,3.67,6.02,0
195.31,7.22,89.99,14.45,8.82,7.79,2
131.29,5.43,66.12,4.68,4.01,5.22,0
178.93,7.44,77.33,8.02,8.64,6.92,1
136.06,6.02,65.29,7.26,3.54,5.29,0
202.1,7.23,78.17,12.03,8.41,9.96,2
228.01,7.41,84.61,14.73,9.24,9.51,2
212.75,7.02,96.86,11.48,8.24,8.98,2
134.87,5.69,65.14,5.91,4.82,7.15,0
213.77,7.78,86.27,14.09,7.76,8.27,2
187.87,6.77,78.08,10.21,5.98,6.56,1
97.43,5.51,66.84,5.64,3.56,4.83,0
159.67,6.8,70.34,11.73,6.29,8.19,1
148.26,5.66,67.33,7.77,2.94,4.97,0
122.68,6.2,57.15,8.34,3.29,6.23,0
168.09,6.9,77.91,8.54,6.45,6.31,1
214.07,8.36,83.32,13.27,7.11,8.76,2
172.35,6.47,82.37,10.12,6.68,6.63,1
216.86,7.78,87.62,13.89,8.93,8.25,2
227.91,8.27,91.32,14.06,8.68,9.62,2
191.53,8.59,89.14,13.49,8.18,8.17,2
136.99,5.49,69.47,2.72,3.64,4.37,0
206.68,7.7,82.54,12.11,9.15,9.14,2
231.9,7.88,82.95,11.66,8.59,8.7,2
156.0,6.62,71.84,11.43,8.19,8.64,1
224.81,7.97,88.72,12.07,8.03,9.75,2
203.86,8.31,90.93,15.57,7.71,8.79,2
235.36,7.74,90.69,14.62,8.0,7.77,2
165.52,6.75,67.78,8.54,4.68,4.16,0
150.7,7.68,79.6,7.89,6.06,7.39,1
178.94,6.38,65.82,11.03,5.69,7.44,1
195.48,8.64,86.26,11.53,8.68,8.71,2
198.09,6.84,71.46,9.48,6.54,5.83,1
179.02,6.2,83.42,10.32,6.7,7.29,1
186.05,6.99,78.84,11.74,5.96,8.02,1
213.06,8.15,90.55,12.79,8.07,9.38,2
233.01,7.77,87.23,14.85,8.84,8.32,2
213.28,7.14,88.55,14.25,8.91,9.64,2
207.45,7.95,93.5,12.89,10.13,10.2,2
194.56,7.61,90.22,16.58,8.98,9.28,2
200.06,6.86,84.59,7.96,6.06,7.07,1
161.12,5.91,74.57,9.07,6.61,7.02,1
229.31,7.37,91.86,14.56,9.98,8.75,2
155.84,6.8,69.56,8.32,7.17,7.78,1
188.69,5.93,74.96,12.35,7.95,8.05,1
173.96,6.43,77.07,7.6,8.78,6.31,1
195.83,7.31,85.97,13.86,9.69,7.77,2
204.69,7.57,89.25,14.36,9.62,9.71,2
203.59,8.62,88.27,13.69,10.34,8.16,2
186.99,7.09,80.89,9.81,7.91,6.91,1
206.18,8.07,86.65,13.5,8.28,8.73,2
138.09,7.17,80.54,9.91,5.1,6.73,1
215.0,7.96,87.45,12.93,11.03,9.54,2
175.04,7.57,71.27,8.71,7.88,8.12,1
215.74,7.79,95.58,11.46,7.61,10.03,2
150.18,6.38,64.1,5.27,5.35,5.92,0
147.88,6.16,69.19,7.03,5.17,6.09,0
197.38,7.36,90.13,12.29,8.33,9.93,2
175.06,7.41,82.91,7.9,7.09,7.14,1
214.48,7.6,86.28,10.94,8.3,8.71,2
173.94,7.02,79.0,11.64,6.98,6.61,1
189.61,6.97,92.68,8.46,4.79,6.99,1
168.39,6.94,72.18,9.46,5.64,6.59,1
211.91,7.48,87.77,15.19,8.59,8.52,2
134.43,5.38,69.87,4.32,4.14,5.8,0
109.53,5.91,72.05,5.73,3.0,5.41,0
168.02,7.45,75.54,7.88,5.98,7.8,1
189.83,6.72,84.01,10.01,6.56,7.09,1
141.82,6.42,64.02,3.41,4.09,6.41,0
188.04,7.02,77.21,8.62,6.59,6.05,1
207.6,7.9,88.46,13.5,7.63,9.67,2
207.2,7.22,87.19,14.97,8.74,9.69,2
186.86,6.99,89.49,13.75,9.73,9.15,2
165.52,6.54,74.18,11.31,5.79,7.82,1
207.54,7.05,72.72,9.61,6.81,8.95,1
181.4,5.9,81.18,9.82,6.04,7.5,1
205.08,6.35,80.53,9.87,7.76,7.62,1
193.18,6.78,84.89,8.99,6.45,6.56,1
106.18,5.39,66.48,4.54,4.32,7.16,0
165.73,6.74,80.2,11.9,6.48,6.16,1
97.83,5.81,56.61,6.52,6.14,5.86,0
164.26,6.65,82.04,9.12,5.75,7.12,1
214.29,7.38,88.88,12.97,8.76,9.35,2
175.16,7.53,93.32,13.32,7.43,8.71,2
185.66,6.85,76.05,10.77,5.85,6.81,1
171.69,5.56,76.89,11.45,5.87,7.34,1
114.65,6.11,70.15,5.79,5.4,4.87,0
107.6,6.36,63.85,9.3,3.96,3.79,0
201.74,7.29,91.44,14.72,7.58,9.44,2
154.37,5.81,76.51,6.91,3.79,3.99,0
234.7,7.87,85.31,14.49,9.21,9.39,2
105.49,5.6,71.98,6.3,5.14,5.31,0
113.83,6.04,72.91,7.72,4.3,4.97,0
129.06,5.69,63.86,6.57,5.92,3.01,0
138.41,5.95,61.05,8.58,5.07,4.8,0
164.07,5.64,73.63,4.89,5.09,4.76,0
166.35,8.07,77.8,7.89,6.37,7.72,1
194.12,7.08,89.92,15.57,9.51,9.43,2
172.7,7.88,87.67,15.2,8.79,9.8,2
164.17,6.48,73.75,9.19,7.26,7.12,1
208.64,8.57,85.37,12.61,8.88,8.65,2
184.45,7.37,88.79,13.99,8.62,8.82,2
190.51,6.93,76.84,9.14,7.97,6.74,1
139.84,5.63,70.11,6.45,4.88,5.47,0
133.57,6.03,61.69,7.64,4.31,6.49,0
219.17,7.49,94.47,12.34,9.41,9.11,2
184.01,8.02,89.65,12.09,9.4,9.48,2
113.63,6.33,64.05,5.6,4.32,4.59,0
153.65,5.09,62.15,6.4,5.74,5.88,0
147.22,5.65,65.35,8.1,4.84,5.82,0
194.62,6.51,78.22,11.43,6.02,7.26,1
156.92,5.54,63.41,6.65,5.68,5.69,0
139.95,7.29,73.95,11.29,6.43,7.32,1
203.21,8.47,85.07,12.39,10.2,9.59,2
148.08,6.79,77.14,9.35,6.94,6.7,1
173.25,6.47,76.6,5.17,4.57,4.21,0
181.49,6.34,84.36,8.53,4.88,7.6,1
115.34,6.22,71.57,4.68,6.09,6.07,0
229.5,7.63,94.08,10.3,9.11,8.5,2
214.45,8.24,82.2,12.11,9.47,9.32,2
162.16,6.1,69.54,6.35,3.02,5.29,0
180.79,7.19,92.39,11.74,7.04,10.12,2
134.45,6.97,76.64,11.46,5.4,6.8,1
111.29,6.19,61.99,5.87,3.03,5.0,0
148.27,5.78,84.3,10.92,6.59,6.95,1
139.56,6.21,66.83,7.68,3.98,5.3,0
151.59,6.04,69.1,7.91,6.56,4.37,0
176.85,5.64,86.37,10.66,7.73,6.04,1
124.05,5.98,68.56,4.17,6.52,6.79,0
208.99,6.72,81.49,8.75,6.81,6.26,1
212.7,8.16,92.13,14.08,7.72,8.19,2
168.06,7.02,79.2,11.88,7.29,8.08,1
204.52,7.64,90.47,16.48,8.6,8.87,2
227.9,8.25,86.0,14.31,8.31,8.88,2
196.92,7.36,89.33,11.5,8.3,9.2,2
223.78,8.54,88.98,13.12,7.14,8.95,2
209.97,7.87,88.22,11.51,8.95,9.38,2
126.79,5.89,69.98,6.16,4.09,4.57,0
136.36,5.0,65.77,5.74,6.67,5.32,0
173.86,6.47,82.92,10.19,6.02,6.26,1
168.79,7.04,81.43,8.74,6.57,5.68,1
230.79,7.9,88.01,13.77,7.64,8.68,2
239.03,8.27,91.74,14.05,7.61,8.98,2
113.59,6.62,62.5,7.96,4.17,6.1,0
217.53,7.55,91.69,14.11,7.85,8.3,2
167.28,7.28,84.5,11.44,4.71,8.17,1
176.49,6.44,86.74,11.56,5.76,6.23,1
184.35,7.69,86.79,15.88,8.82,9.1,2
158.92,5.98,78.06,8.21,6.23,8.4,1
145.02,5.13,69.43,4.68,5.58,5.03,0
117.81,6.01,77.31,5.4,4.52,6.91,0
128.02,5.59,64.61,5.12,4.37,4.94,0
171.69,6.23,79.37,6.89,6.41,7.31,1
140.43,5.89,57.78,5.66,4.44,6.04,0
193.18,7.84,93.59,14.17,8.52,8.9,2
119.37,6.07,53.82,7.01,4.83,6.42,0
143.22,7.67,71.55,10.09,7.41,7.64,1
152.97,5.58,69.02,6.96,3.6,5.82,0
187.38,6.49,77.71,11.78,6.84,7.25,1
244.43,7.14,95.93,14.64,8.83,8.41,2
176.48,6.62,70.1,8.77,6.89,7.77,1
200.25,7.75,90.68,15.1,9.25,8.96,2
194.74,5.7,85.67,11.68,6.04,7.73,1
230.39,8.83,89.01,14.4,9.33,8.83,2
151.26,6.81,78.9,12.02,6.86,6.9,1
163.1,6.54,75.72,10.51,6.96,4.86,1
134.29,5.73,68.67,9.15,5.58,4.19,0
141.25,7.39,83.26,10.15,6.27,7.62,1
200.04,6.12,77.02,8.44,7.07,7.03,1
174.7,6.75,75.73,12.59,5.61,7.92,1
190.55,7.21,86.31,12.77,8.07,9.28,2
119.17,5.97,66.37,8.27,4.38,5.12,0
184.37,6.26,82.99,11.69,5.37,6.64,1
192.17,7.41,89.01,9.47,6.61,6.97,1
112.15,6.65,68.01,9.45,3.77,7.32,0
113.78,6.39,64.68,7.3,4.78,5.24,0
236.4,7.1,81.87,13.9,9.42,8.06,2
143.9,5.99,64.95,8.51,3.37,6.63,0
224.34,8.63,86.7,14.79,7.71,8.59,2
148.24,6.69,58.72,6.21,3.76,6.22,0
190.54,6.79,63.23,9.04,5.87,6.52,1
201.01,8.13,95.48,12.37,7.17,7.8,2
137.52,6.3,60.05,7.24,3.4,4.02,0
190.17,7.18,68.29,9.99,4.91,6.77,1
184.45,7.91,90.95,14.43,8.0,10.75,2
117.26,5.66,72.97,8.34,3.13,5.85,0
168.13,6.14,79.69,9.61,6.34,6.33,1
216.49,7.84,90.22,13.16,8.16,10.21,2
135.13,5.47,70.49,7.63,4.99,4.97,0
187.32,6.59,82.88,8.3,5.4,7.85,1
245.53,7.99,87.25,15.05,9.66,8.71,2
211.08,7.86,89.25,14.79,7.49,7.85,2
135.01,6.1,59.78,3.56,3.95,4.28,0
218.2,7.4,91.66,15.28,7.71,8.71,2
134.12,5.72,68.65,9.18,5.38,4.42,0
197.79,7.49,94.1,12.83,9.78,9.54,2
142.28,6.16,68.14,6.51,5.09,6.18,0
126.64,6.03,70.92,6.62,3.9,6.92,0
201.1,7.94,91.85,15.25,8.45,8.87,2
206.72,7.94,86.91,14.38,8.72,10.1,2
212.68,7.71,88.35,13.48,10.57,8.2,2
211.74,6.99,82.22,14.04,7.86,9.64,2
206.4,7.23,80.84,11.63,6.83,5.31,1
199.8,8.21,85.39,14.87,9.48,8.0,2
225.55,8.18,87.25,14.76,7.84,8.7,2
